id,variant,tags,tier,rarity,fleet pts,op cost,formation,range,attackRunRange,attackPositionOffset,num,role,role desc,refit,base value,,,,,,,,,,,,,number
apex_tegu_wing,apex_tegu_bomber,"bomber6, bomber, apex_hulls, auto_fighter",3,1,8,17,V,4000,2000,300,3,BOMBER,Bomber Drone,15,10000,,,,,,,,,,,,,1
apex_whiptail_wing,apex_whiptail_bomber,"bomber6, bomber, apex_hulls, auto_fighter",2,1,8,16,V,4000,2000,0,2,BOMBER,Bomber Drone,15,10000,,,,,,,,,,,,,1
apex_anole_wing,apex_anole_fighter,"fighter6, fighter, rare_bp, auto_fighter",2,1,8,20,V,4000,2000,0,2,FIGHTER,Heavy Fighter Drone,15,10000,,,,,,,,,,,,,1
apex_gecko_wing,apex_gecko_interceptor,"fighter3, interceptor, apex_hulls, auto_fighter",1,1,8,16,V,4000,2000,0,3,INTERCEPTOR,Interceptor Drone,8,10000,,,,,,,,,,,,,1
apex_chameleon_wing,apex_chameleon_support,"support2, fighter, apex_hulls, auto_fighter",2,1,6,10,BOX,1000,500,0,2,SUPPORT,Support Drone,15,10000,,,,,,,,,,,,,1
