{
	"combatCapital":{
		"apex_apex_line":3,
		"apex_apex_strike":3,
		"apex_apotheosis_pursuit":0.5,
		"apex_apotheosis_strike":0.5,
		"apex_apotheosis_standard":0.5,
		"apex_apotheosis_brawler":0.5,
		"apex_eidolon_standard":4,
		"apex_eidolon_strike":4,
		"apex_eidolon_assault":4,
		"apex_eidolon_attack":4,
		"apex_apotheosis_rg_redguards":2,
		"apex_sunbeam_strike":3,
		"apex_sunbeam_line":3,
		"apex_ins_capital_relic":4
	},
	
	"combatLarge":{
		"apex_alligator_line":2.4,
		"apex_alligator_torpedo":2.4,
		"apex_alligator_standard":2.4,
		"apex_alligator_beam":2.4,
		"apex_alligator_strike":2.4,
		"apex_crocodile_antiarmor":3,
		"apex_crocodile_antishield":3,
		"apex_crocodile_suppression":3,
		"apex_komodo_assault":3,
		"apex_komodo_overdriven":1,
		"apex_komodo_standard":3,
		"apex_komodo_strike":3,
		"apex_goanna_assault":3,
		"apex_goanna_attack":3,
		"apex_goanna_beam":3,
		"apex_goanna_overdriven":1
	},
	"combatMedium":{
		"apex_caiman_line":3,
		"apex_caiman_assault":3,
		"apex_caiman_attack":3,
		"apex_caiman_strike":3,
		"apex_gharial_pursuit":6,
		"apex_gharial_strike":6,
		"apex_tuatara_kin":4,
		"apex_tuatara_he":4,
		"apex_tuatara_frag":4,
		"apex_ins_destroyer_relic":4
	},
	"combatSmall":{
		"apex_lacerta_attack":4,
		"apex_lacerta_strike":4,
		"apex_agama_picket":4,
		"apex_agama_attack":4,
		"apex_iguana_attack":3,
		"apex_iguana_support":3,
		"apex_iguana_picket":2
	},
	"combatSmallForSmallFleet":{
		"apex_lacerta_attack":2,
		"apex_lacerta_strike":2,
		"apex_agama_picket":6,
		"apex_agama_attack":6
	},
	"phaseSmall":{
		"apex_mamba_gunner":6,
		"apex_mamba_strike":6
	},
	"phaseMedium":{
		"apex_boa_attack":6,
		"apex_boa_blaster":6
	},
	"phaseLarge":{
		"apex_python_assault":6,
		"apex_python_strike":6,
		"apex_python_standard":6,
		"apex_python_blaster":6
	},
	"phaseCapital":{
		"apex_anaconda_assault":5,
		"apex_anaconda_attack":5,
		"apex_anaconda_strike":5
	},
	"carrierLarge":{
		"apex_sunbeam_line":3,
		"apex_sunbeam_strike":3
	},
	"carrierMedium":{
		"apex_spectrum_fighter":3,
		"apex_spectrum_bomber":3
	},
	"carrierSmall":{
		"apex_backscatter_bomber":3,
		"apex_backscatter_fighter":3,
		"apex_backscatter_support":3
	},
	"tankerMedium":{
		"apex_spectrum_civtanker":5,
		# had issues with these replacing carrier variants in player fleets
		#"apex_spectrum_miltanker":2, 
		"apex_backscatter_civtanker":5,
		#"apex_backscatter_miltanker":2,
	},
	"tankerSmall":{
		"apex_photon_fuel":10
	},
	"freighterMedium":{
		"apex_spectrum_civhauler":5,
		#"apex_spectrum_milhauler":2,
		"apex_backscatter_civhauler":5,
		#"apex_backscatter_milhauler":2,
	},
	"freighterSmall":{
		"apex_photon_cargo":10
	},
	"personnelMedium":{
		"apex_najash_transport":3
	},
	"personnelSmall":
	{
		"apex_photon_personnel":10
	}
}

