{
	"apex_haymarket_shot":
	[
		{"file":"sounds/weapon/apex_haymarket_shot.ogg","pitch":1,"volume":0.7},
		{"file":"sounds/weapon/apex_haymarket_shot.ogg","pitch":0.95,"volume":0.7},
		{"file":"sounds/weapon/apex_haymarket_shot.ogg","pitch":0.9,"volume":0.7}
	],
	"apex_nanogun_med_shot":
	[
		{"file":"sounds/weapon/apex_nanogun_shot.ogg","pitch":1,"volume":0.5},
		{"file":"sounds/weapon/apex_nanogun_shot.ogg","pitch":0.98,"volume":0.5},
		{"file":"sounds/weapon/apex_nanogun_shot.ogg","pitch":0.95,"volume":0.5}
	],
	"apex_nanogun_small_shot":
	[
		{"file":"sounds/weapon/apex_nanogun_shot.ogg","pitch":1.09,"volume":0.5},
		{"file":"sounds/weapon/apex_nanogun_shot.ogg","pitch":1.1,"volume":0.5},
		{"file":"sounds/weapon/apex_nanogun_shot.ogg","pitch":1.12,"volume":0.5}
	],
	"apex_qgp_small_shot":
	[
		{"file":"sounds/weapon/apex_qgp_med_shot.ogg","pitch":1.35,"volume":1},
		{"file":"sounds/weapon/apex_qgp_med_shot.ogg","pitch":1.40,"volume":1},
		{"file":"sounds/weapon/apex_qgp_med_shot.ogg","pitch":1.37,"volume":1}
	],
	"apex_qgp_med_shot":
	[
		{"file":"sounds/weapon/apex_qgp_med_shot.ogg","pitch":1,"volume":1},
		{"file":"sounds/weapon/apex_qgp_med_shot.ogg","pitch":1.1,"volume":1},
		{"file":"sounds/weapon/apex_qgp_med_shot.ogg","pitch":1.05,"volume":1}
	],
	"apex_disruptor_shot":
	[
		{"file":"sounds/weapon/apex_disruptor_shot.ogg","pitch":0.9,"volume":1},
		{"file":"sounds/weapon/apex_disruptor_shot.ogg","pitch":0.8,"volume":1},
		{"file":"sounds/weapon/apex_disruptor_shot.ogg","pitch":0.85,"volume":1}
	],
	"apex_sledgehammer_fire":
	[
		{"file":"sounds/weapon/apex_sledgehammer_fire.ogg","pitch":0.9,"volume":1},
		{"file":"sounds/weapon/apex_sledgehammer_fire.ogg","pitch":1.1,"volume":1},
		{"file":"sounds/weapon/apex_sledgehammer_fire.ogg","pitch":1,"volume":1}
	],
	"apex_vls_fire":
	[
		{"file":"sounds/weapon/apex_vls_fire.ogg","pitch":0.9,"volume":1},
		{"file":"sounds/weapon/apex_vls_fire.ogg","pitch":1.1,"volume":1},
		{"file":"sounds/weapon/apex_vls_fire.ogg","pitch":1,"volume":1}
	],
	"apex_mine_windup":
	[
		{"file":"sounds/weapon/apex_mine_windup.ogg","pitch":0.9,"volume":1},
		{"file":"sounds/weapon/apex_mine_windup.ogg","pitch":1.1,"volume":1},
		{"file":"sounds/weapon/apex_mine_windup.ogg","pitch":1,"volume":1}
	],
	"apex_mine_explosion":
	[
		{"file":"sounds/weapon/apex_mine_explosion.ogg","pitch":0.9,"volume":1},
		{"file":"sounds/weapon/apex_mine_explosion.ogg","pitch":1.1,"volume":1},
		{"file":"sounds/weapon/apex_mine_explosion.ogg","pitch":1,"volume":1}
	],
	"apex_driver_m_shot":
	[
		{"file":"sounds/weapon/apex_tachyon_driver_heavy.ogg","pitch":0.9,"volume":1},
		{"file":"sounds/weapon/apex_tachyon_driver_heavy.ogg","pitch":1.1,"volume":1},
		{"file":"sounds/weapon/apex_tachyon_driver_heavy.ogg","pitch":1,"volume":1}
	],
	"apex_driver_s_shot":
	[
		{"file":"sounds/weapon/apex_tachyon_driver_light.ogg","pitch":0.9,"volume":1},
		{"file":"sounds/weapon/apex_tachyon_driver_light.ogg","pitch":1.1,"volume":1},
		{"file":"sounds/weapon/apex_tachyon_driver_light.ogg","pitch":1,"volume":1}
	],
	"apex_flak_shot":
	[
		{"file":"sounds/weapon/apex_flak_shot.ogg","pitch":1.0,"volume":1},
		{"file":"sounds/weapon/apex_flak_shot.ogg","pitch":1.1,"volume":1},
		{"file":"sounds/weapon/apex_flak_shot.ogg","pitch":0.9,"volume":1}
	],
	"apex_nozzle_activation":
	[
		{"file":"sounds/system/apex_nozzle_activation.ogg","pitch":1,"volume":1}
	],
	"apex_shredder_shot":
	[
		{"file":"sounds/weapon/apex_shredder.ogg","pitch":1.0,"volume":0.6},
		{"file":"sounds/weapon/apex_shredder.ogg","pitch":1.1,"volume":0.6},
		{"file":"sounds/weapon/apex_shredder.ogg","pitch":0.9,"volume":0.6}
	],
	"apex_excession_system":
	[
		{"file":"sounds/system/apex_excession_system.ogg","pitch":1,"volume":1.5}
	],
	"apex_ultrachrome_fire":
	[
		{"file":"sounds/weapon/apex_ultrachrome_fire.ogg","pitch":0.9,"volume":1},
		{"file":"sounds/weapon/apex_ultrachrome_fire.ogg","pitch":1.1,"volume":1},
		{"file":"sounds/weapon/apex_ultrachrome_fire.ogg","pitch":1,"volume":1}
	],
	"apex_inverter_fire":
	[
		{"file":"sounds/weapon/apex_inverter_fire.ogg","pitch":0.9,"volume":1},
		{"file":"sounds/weapon/apex_inverter_fire.ogg","pitch":1.1,"volume":1},
		{"file":"sounds/weapon/apex_inverter_fire.ogg","pitch":1,"volume":1}
	],
	"apex_inverter_charge":
	[
		{"file":"sounds/weapon/apex_inverter_charge.ogg","pitch":0.9,"volume":1},
		{"file":"sounds/weapon/apex_inverter_charge.ogg","pitch":1.1,"volume":1},
		{"file":"sounds/weapon/apex_inverter_charge.ogg","pitch":1,"volume":1}
	],
	"apex_toroid_fire":
	[
		{"file":"sounds/weapon/apex_toroid_fire.ogg","pitch":0.9,"volume":1.35},
		{"file":"sounds/weapon/apex_toroid_fire.ogg","pitch":1,"volume":1.35},
		{"file":"sounds/weapon/apex_toroid_fire.ogg","pitch":0.8,"volume":1.35}
	],
	"apex_fusion_s_fire":
	[
		{"file":"sounds/weapon/apex_fusion_s_fire.ogg","pitch":0.9,"volume":1.0},
		{"file":"sounds/weapon/apex_fusion_s_fire.ogg","pitch":1,"volume":1.0},
		{"file":"sounds/weapon/apex_fusion_s_fire.ogg","pitch":1.1,"volume":1.0}
	],
	"apex_fusion_m_fire":
	[
		{"file":"sounds/weapon/apex_fusion_m_fire.ogg","pitch":0.9,"volume":1.0},
		{"file":"sounds/weapon/apex_fusion_m_fire.ogg","pitch":1,"volume":1.0},
		{"file":"sounds/weapon/apex_fusion_m_fire.ogg","pitch":1.1,"volume":1.0}
	],
	"apex_fusion_l_fire":
	[
		{"file":"sounds/weapon/apex_fusion_l_fire.ogg","pitch":0.9,"volume":1.0},
		{"file":"sounds/weapon/apex_fusion_l_fire.ogg","pitch":1,"volume":1.0},
		{"file":"sounds/weapon/apex_fusion_l_fire.ogg","pitch":1.1,"volume":1.0}
	],
	"apex_fusion_s_loop":
	[
		{"file":"sounds/weapon/apex_fusion_s_loop.ogg","pitch":1,"volume":0.7}
	],
	"apex_fusion_m_loop":
	[
		{"file":"sounds/weapon/apex_fusion_m_loop.ogg","pitch":1,"volume":0.7}
	],
	"apex_fusion_l_loop":
	[
		{"file":"sounds/weapon/apex_fusion_l_loop.ogg","pitch":1,"volume":0.7}
	],
	"apex_fusion_heavy_proc":
	[
		{"file":"sounds/weapon/apex_fusion_l_proc.ogg","pitch":0.9,"volume":1.0},
		{"file":"sounds/weapon/apex_fusion_l_proc.ogg","pitch":1,"volume":1.0},
		{"file":"sounds/weapon/apex_fusion_l_proc.ogg","pitch":1.1,"volume":1.0}
	],
	"apex_fusion_light_proc":
	[
		{"file":"sounds/weapon/apex_fusion_s_proc.ogg","pitch":0.9,"volume":1.0},
		{"file":"sounds/weapon/apex_fusion_s_proc.ogg","pitch":1,"volume":1.0},
		{"file":"sounds/weapon/apex_fusion_s_proc.ogg","pitch":1.1,"volume":1.0}
	],
	"apex_ins_mhd":
	[
		{"file":"sounds/sfx_wpn_guns/hypervel_driver_fire_01_loud.ogg","pitch":0.8,"volume":0.85},
		{"file":"sounds/sfx_wpn_guns/hypervel_driver_fire_01_loud.ogg","pitch":0.85,"volume":0.85},
		{"file":"sounds/sfx_wpn_guns/hypervel_driver_fire_01_loud.ogg","pitch":0.75,"volume":0.85}
	],
	"apex_rotary_flak_fire":
	[
		{"file":"sounds/weapon/apex_rotary_flak_fire.ogg","pitch":1.0,"volume":0.3},
		{"file":"sounds/weapon/apex_rotary_flak_fire.ogg","pitch":1.1,"volume":0.3},
		{"file":"sounds/weapon/apex_rotary_flak_fire.ogg","pitch":0.9,"volume":0.3}
	],
	"apex_rotary_flak_loop":
	[
		{"file":"sounds/weapon/apex_rotary_flak_loop.ogg","pitch":1.0,"volume":0.3}
	],
	"apex_rotary_flak_exp":
	[
		{"file":"sounds/weapon/apex_rotary_flak_exp1.ogg","pitch":1.0,"volume":0.3},
		{"file":"sounds/weapon/apex_rotary_flak_exp2.ogg","pitch":1.0,"volume":0.3},
		{"file":"sounds/weapon/apex_rotary_flak_exp3.ogg","pitch":1.0,"volume":0.3}
	],
	"apex_rotary_flak_end":
	[
		{"file":"sounds/weapon/apex_rotary_flak_end.ogg","pitch":1.0,"volume":0.3}
	],
	"apex_ins_plasma_shot":
	[
		{"file":"sounds/weapon/apex_ins_plasma_shot.ogg","pitch":1.0,"volume":1.0}
	],
	"apex_ins_plasma_charged":
	[
		{"file":"sounds/weapon/apex_ins_plasma_charged.ogg","pitch":1.0,"volume":1.0}
	]
}