{
	"id":"apex_design",
	"name":"Apex Design Collective",
	"author":"theDragn",
	"version":"1.2.7b",
	"description":"A collectivist faction that focuses on ultra-modern, high-performance ships and remote support systems.",
	"gameVersion":"0.97a-RC7",
	"jars":["jars/ADC.jar"],
	"dependencies": [
        {
            "id": "lw_lazylib",
            "name": "LazyLib"
        },
		{
			"id": "MagicLib",
            "name": "MagicLib"
		},
		{
			"id": "shaderLib",
			"name": "GraphicsLib"
		},
		{
			"id": "combatactivators",
			"name": "Combat Activators",
			"version":"1.1.0"
		}
    ],
	"modPlugin":"plugins.ApexModPlugin"
}
