{
	"apex_mirror1":{

        "required_mods_id": ["apex_design"],

		"trigger_marketFaction_any":["independent"],
		"trigger_marketFaction_alliedWith":true,
		#"trigger_marketFaction_none":["pirates"],
		#"trigger_marketFaction_enemyWith":false,
		"trigger_market_minSize":4,
		"trigger_player_minLevel":7,
		"trigger_min_days_elapsed":2,
		"trigger_weight_mult":1,
		#"trigger_memKeys_all":{},
		#"trigger_memKeys_any":{},
		#"trigger_playerRelationship_atLeast":{"hegemony":0.1,},
		"trigger_playerRelationship_atMost":{
			"pirates":-0.25,
		},

		"job_name":"Eliminate Dread Pirate Glynda",
		"job_description":"An independent trade commission has put together a bounty on a pirate warlord who's been hitting mercantile convoys. Apparently, the flagship is a heavily-modified Apex warship, though how it came into the posession of pirates is unclear.",
		#"job_description":"error?",
		"job_comm_reply":"You look like someone who wasn't beaten enough as a child. Let's fix that!",
		#"job_comm_reply":"error?",
		"job_intel_success": "Minutes after the battle your comm officer signals you the reception of the agreed-upon payment, along with thanks for making the sector a slightly safer place.",
		#"job_intel_success": "error?",
		#"job_intel_failure": "",
		"job_intel_expired": "Your Comm officer presents you with a StelNet article describing the elimination of a particularly vicious band of pirates, and the subsequent recovery of their exotic flagship.",
		#"job_intel_expired": "error?",
		"job_forFaction":"independent",
		"job_difficultyDescription": "auto",
		"job_deadline":120,
		"job_reputation_reward":10,
		"job_item_reward": {
			"weapon_bp apex_disruptor": 1,
			"ship_bp apex_komodo": 1,
			"crew": 100
		},
		"job_credit_reward":150000,
		"job_reward_scaling":1.0,
		"job_type":"assassination",
		"job_show_type":true,
		"job_show_captain":true,
		"job_show_fleet":"presetText",
		"job_show_distance":"vague",
		"job_show_arrow":true,
		"job_pick_option":"Accept the job",
		#"job_pick_script":"magiclib_test_bounty_completed",
		"job_memKey":"$test_bounty",
		#"job_conclusion_script":"magiclib_test_bounty_completed",

		"target_first_name":"Glynda",
		"target_last_name":"DiMaggio",
		"target_portrait":"graphics/portraits/portrait31.png",
		"target_gender":"Female",
		"target_rank":"spaceCaptain",
		"target_post":"warlord",
		"target_personality":"reckless",
		"target_aiCoreId": null,
		"target_level":8,
		"target_elite_skills":2,
		"target_skill_preference":"GENERIC",
		#"target_skills":{},

		"fleet_name":"Pack of Glynda",
		"fleet_faction":"pirates",
		#"fleet_flagship_variant":"hyperion_Strike",
		"fleet_flagship_variant":"apex_kommok_evil",
		"fleet_flagship_name":"Lemon",
		"fleet_flagship_recoverable":true,
		#"fleet_preset_ships":{
		#	"tempest_Attack":2,
		#	#"shade_Assault":1,
		#	#"omen_PD":2,
		#	"revenant_Elite":1,
		#},
		"fleet_scaling_multiplier":0.6,
		#"fleet_min_FP":-1,
		"fleet_min_FP":100,
		"fleet_composition_faction":"pirates",
		"fleet_composition_quality":2,
		"fleet_transponder":false,
		"fleet_behavior":"ROAMING",

		#"location_marketIDs":[],
		#"location_marketFactions":[],
		"location_distance":"CORE",
		"location_themes":[
			"theme_core_unpopulated",
		],
		#"location_themes_blacklist":[],
		"location_entities":[
			"gate",
			"station",
			"wreck",
			"debris",
			"stable_location",
			"comm_relay",
			"nav_buoy",
			"sensor_array",
            "gas_giant",
			"planet",
			"jump_point"
		],
		"location_prioritizeUnexplored":false,
		"location_defaultToAnyEntity":true
    },
	"apex_mirror2":{

        "required_mods_id": ["apex_design"],

		"trigger_marketFaction_any":["independent"],
		"trigger_marketFaction_alliedWith":true,
		#"trigger_marketFaction_none":["pirates"],
		#"trigger_marketFaction_enemyWith":false,
		"trigger_market_minSize":4,
		"trigger_player_minLevel":7,
		"trigger_min_days_elapsed":2,
		"trigger_weight_mult":1,
		#"trigger_memKeys_all":{},
		#"trigger_memKeys_any":{},
		#"trigger_playerRelationship_atLeast":{"hegemony":0.1,},
		"trigger_playerRelationship_atMost":{
			"pirates":-0.25,
		},

		"job_name":"Eliminate Dread Pirate Lynda",
		"job_description":"An independent trade commission has put together a bounty on a pirate warlord who's been hitting mercantile convoys. Apparently, the flagship is a heavily-modified Apex warship, though how it came into the posession of pirates is unclear.",
		#"job_description":"error?",
		"job_comm_reply":"Why is it always \"Dread Pirate\"? Why can't it be \"Very Nice Pirate\"?",
		#"job_comm_reply":"error?",
		"job_intel_success": "Minutes after the battle your comm officer signals you the reception of the agreed-upon payment, along with thanks for making the sector a slightly safer place.",
		#"job_intel_success": "error?",
		#"job_intel_failure": "",
		"job_intel_expired": "Your Comm officer presents you with a StelNet article describing the elimination of a particularly vicious band of pirates, and the subsequent recovery of their exotic flagship.",
		#"job_intel_expired": "error?",
		"job_forFaction":"independent",
		"job_difficultyDescription": "auto",
		"job_deadline":120,
		"job_reputation_reward":10,
		"job_item_reward": {
			"weapon_bp apex_dartgun": 1,
			"weapon_bp apex_sledgehammer_large": 1,
			"crew": 100
		},
		"job_credit_reward":150000,
		"job_reward_scaling":1.0,
		"job_type":"assassination",
		"job_show_type":true,
		"job_show_captain":true,
		"job_show_fleet":"presetText",
		"job_show_distance":"vague",
		"job_show_arrow":true,
		"job_pick_option":"Accept the job",
		#"job_pick_script":"magiclib_test_bounty_completed",
		"job_memKey":"$test_bounty",
		#"job_conclusion_script":"magiclib_test_bounty_completed",

		"target_first_name":"Lynda",
		"target_last_name":"DiMaggio",
		"target_portrait":"graphics/portraits/portrait32.png",
		"target_gender":"Female",
		"target_rank":"spaceCaptain",
		"target_post":"warlord",
		"target_personality":"reckless",
		"target_aiCoreId": null,
		"target_level":8,
		"target_elite_skills":2,
		"target_skill_preference":"GENERIC",
		#"target_skills":{},

		"fleet_name":"Pack of Lynda",
		"fleet_faction":"pirates",
		#"fleet_flagship_variant":"hyperion_Strike",
		"fleet_flagship_variant":"apex_odomodo_evil",
		"fleet_flagship_name":"Lime",
		"fleet_flagship_recoverable":true,
		#"fleet_preset_ships":{
		#	"tempest_Attack":2,
		#	#"shade_Assault":1,
		#	#"omen_PD":2,
		#	"revenant_Elite":1,
		#},
		"fleet_scaling_multiplier":0.6,
		#"fleet_min_FP":-1,
		"fleet_min_FP":100,
		"fleet_composition_faction":"pirates",
		"fleet_composition_quality":2,
		"fleet_transponder":false,
		"fleet_behavior":"ROAMING",

		#"location_marketIDs":[],
		#"location_marketFactions":[],
		"location_distance":"CORE",
		"location_themes":[
			"theme_core_unpopulated",
		],
		#"location_themes_blacklist":[],
		"location_entities":[
			"gate",
			"station",
			"wreck",
			"debris",
			"stable_location",
			"comm_relay",
			"nav_buoy",
			"sensor_array",
            "gas_giant",
			"planet",
			"jump_point"
		],
		"location_prioritizeUnexplored":false,
		"location_defaultToAnyEntity":true
    },
    "apex_quasar_bounty":{
		
        "trigger_marketFaction_any": ["apex_design"],
		"trigger_marketFaction_alliedWith": true,
        "trigger_weight_mult": 10,
		"trigger_player_minLevel":10,

        "job_name": "Anomalous Entities",
        "job_description": "The Collective has placed an enormous bounty on a fleet consisting of several anomalous entites and an unidentified supercapital. While their combat capabilities are unknown, the sheer enormity of the payout suggests that the target fleet is too much for even a capital-heavy CDF fleet group to deal with.",
        "job_comm_reply": "",
        "job_intel_success": "With confirmation of the fleet's destruction, the reward funds are transferred to your account.",
        "job_forFaction": "apex_design",
        "job_credit_reward": 2500000,
        "job_reward_scaling": 0,
        "job_reputation_reward":25,
        "job_type":"destruction",
        "job_show_type": false,
        "job_show_captain": false,
		"job_show_fleet":"presetText",
        "job_show_distance": "exact",
		"job_show_arrow": true,
        "job_difficultyDescription": "auto",
        "job_pick_option": "Accept the job", # Default: "Accept the job". The text option that, when selected, accepts the bounty job.

        "target_first_name":"",
        "target_last_name":"",
        "target_portrait":"graphics/portraits/characters/omega.png",
        "target_gender":"UNDEFINED",
        "target_rank": "unknown",
        "target_post": "unknown",
        "target_personality": "reckless",
		"target_aiCoreId": "null",
        "target_level": 10,
        "target_elite_skills":10,
        "target_skill_preference": "YES_ENERGY_YES_BALLISTIC_YES_MISSILE_YES_DEFENSE",
        "target_skills": {
            "helmsmanship":2,
            "combat_endurance":2,
            "impact_mitigation":2,
            "damage_control":2,
            "field_modulation":2,
            "target_analysis":2,
            "systems_expertise":2,
            "missile_specialization":2,
            "gunnery_implants":2,
            "energy_weapon_mastery":2,
            "ordnance_expert":2,
            "polarized_armor":2,
            "wolfpack_tactics":1,
            "phase_corps":1,
            "flux_regulation":1,
            "electronic_warfare":1,
            "coordinated_maneuvers":1,
            "tactical_drills":1,
            "crew_training":1,
            "omega_ecm":1,
        },

        "fleet_name":"Anomalous Entities",
        "fleet_faction": "omega",
        "fleet_flagship_variant":"apex_quasar_bounty",
        "fleet_flagship_name":"[ERROR]",
        "fleet_flagship_recoverable": false,
        "fleet_flagship_autofit": false,
		"fleet_preset_ships":{
			"facet_Attack2":1,
			"facet_Armorbreaker":1,
			"facet_Attack":1
		},
        "fleet_scaling_multiplier": 0.15,
        "fleet_min_FP": 55,
        "fleet_composition_faction": "omega",
        "fleet_composition_quality": 2,
		"fleet_preset_autofit": false,
        "fleet_transponder": false,
		"fleet_no_retreat": true,
        "fleet_behavior": "AGGRESSIVE",

        "location_distance": "CLOSE",
        "location_themes": [
            "theme_core_unpopulated",
            "theme_interesting",
            "theme_interesting_minor",	
            "theme_ruins",
            "theme_ruins_main",
            "theme_ruins_secondary",
            "theme_derelict",
            "theme_derelict_mothership",
            "theme_derelict_cryosleeper",
            "theme_derelict_survey_ship",
            "theme_derelict_probes",
            "theme_remnant_no_fleets",
            "theme_remnant_destroyed",
        ],
        "location_themes_blacklist": [
            "theme_already_colonized",
            "theme_hidden",
			"no_pulsar_blackhole",
        ],
        "location_entities": [
            "gate",
            "station",
            "wreck",
            "debris",
            "stable_location",
            "comm_relay",
            "jump_point",
        ],
        "location_prioritizeUnexplored": true,
        "location_defaultToAnyEntity": false,
    },
}
